OBJECTID,ID,ADDRESS,TERMINAL_NUMBER,LATITUDE,LONGITUDE,X,Y
211981726,435,Reston Regional Library,32211,38.962095,-77.358815,368902.1739,143859.4999
211981727,436,New Dominion Pkwy & Fountain Dr,32212,38.960574,-77.356324,369117.4041,143689.8105
211981728,437,Sunset Hills & Old Reston Ave,32213,38.955079,-77.351649,369520.2345,143078.2481
211981729,438,Reston Town Center Transit Station,32214,38.957037,-77.359718,368821.7005,143298.3275
211981730,439,1st & D St SE,31643,38.884916,-77.005965,399482.4634,135230.8757
211981731,440,Reston Station,32215,38.948363,-77.338119,370690.2031,142328.2857
211981732,441,Library St & Freedom Dr,32216,38.959633,-77.358741,368907.5133,143586.172
211981733,442,Sunset Hills Rd & Discovery Square,32217,38.95534,-77.357611,369003.5843,143109.2288
211981734,443,22nd St & Constitution Ave NW,31292,38.892441,-77.048947,395753.6983,136067.3308
211981735,444,61st St & Banks Pl NE,31714,38.891805,-76.913563,407498.7397,135999.1416
211981736,445,Temporary Rd & Old Reston Ave,32218,38.960084,-77.353414,369369.4019,143634.4359
211981737,446,Reston YMCA,32219,38.955314,-77.368416,368067.0397,143110.0668
211981738,447,Sunset Hills Rd & Isaac Newton Square,32220,38.951443,-77.340377,370495.7444,142670.9186
211981739,448,N Lynn St & Fairfax Dr,31917,38.89386,-77.070862,393852.6278,136226.0986
211981740,449,Georgia Ave & Piney Branch Rd NW,31414,38.967505,-77.027976,397575.5502,144399.3161
211981741,450,Greensboro & International Dr,32221,38.923083,-77.227417,380279.3743,139492.2688
211981742,451,Madison & Fairfax St,31918,38.812351,-77.040691,396465.9686,127176.4201
211981743,452,Sligo Ave & Carroll Ln,32058,38.990874,-77.016311,398586.9233,146993.2565
211981744,453,15th & W St NW,31125,38.919086,-77.034502,397007.964,139024.5695
211981745,454,12th St & Pennsylvania Ave SE,31644,38.882489,-76.990121,400857.153,134961.4895
211981746,455,3rd St & Riggs Rd NE,31412,38.957463,-77.002239,399805.9369,143284.1914
211981747,456,Carlin Springs Rd & N Thomas St,31919,38.876695,-77.112982,390196.3054,134324.3317
211981748,457,Towers Crescent Dr & Tysons One Pl,32222,38.915246,-77.220157,380906.8311,138620.7552
211981749,458,6th & K St NE,31645,38.902877,-76.998405,400138.3509,137224.6728
211981750,459,Pooks Hill Rd & Linden Ave,32057,39.014716,-77.107143,390720.9504,149645.2817
211981751,460,Takoma Park Rec Center,32059,38.98265,-76.988311,401012.7742,146080.2499
211981752,461,New Hampshire & Kirklynn Ave,32061,38.988101,-76.988422,401003.0801,146685.3633
211981753,462,Wheaton Metro/Georgia Ave & Reedie Dr,32062,39.038341,-77.051023,395582.6515,152263.7011
211981754,463,Amherst Ave & Elkins St,32063,39.044887,-77.047788,395863.104,152990.2285
211981755,464,Amherst Ave & Prichard Rd,32064,39.035965,-77.048395,395810.0324,151999.8149
211981756,465,Grandview & Blueridge Ave,32065,39.043272,-77.053085,395404.4508,152811.1988
211981757,466,Windham Ln & Amherst Ave,32066,39.032029,-77.04735,395900.2803,151562.8283
211981758,467,North Shore Dr & Village Rd,32223,38.970412,-77.340787,370468.0662,144776.7717
211981759,468,Town Center Pkwy & Sunset Hills Rd,32224,38.955171,-77.363094,368528.2658,143092.3444
211981760,469,3rd & Underwood St NW,31413,38.968834,-77.016258,398591.0791,144546.6017
211981761,470,18th & Monroe St NE,31521,38.93293,-76.979517,401775.9544,140561.0057
211981762,471,7th & E St SW,31294,38.88345,-77.021741,398113.6641,135068.3461
211981763,472,Shady Grove Metro East,32067,39.121327,-77.164969,385734.3593,161487.8106
211981764,473,Potomac & M St NW,31295,38.905368,-77.065149,394349.1497,137503.2092
211981765,474,Columbia & Ontario Rd NW,31296,38.924088,-77.040787,396463.1728,139580.0585
211981766,475,Washington-Lee High School / N Stafford St & Generals Way,31920,38.888282,-77.111066,390364.1257,135610.3726
211981767,476,Westover Library / Washington Blvd & N McKinley Rd,31921,38.886048,-77.142317,387652.4639,135366.1444
211981768,477,Columbia Pike & S Taylor St,31923,38.858524,-77.103728,390997.0028,132306.2646
211981769,478,Columbus Ave & Tribeca St,32068,39.126,-77.1673,385533.7378,162006.9418
211981770,479,Columbus Ave & Gramercy Blvd,32069,39.12333,-77.16486,385744.1866,161710.1528
211981862,43,10th & U St NW,31111,38.9172,-77.0259,397753.8756,138814.961
211981863,44,Georgia Ave and Fairmont St NW,31207,38.9249,-77.0222,398074.9584,139669.6414
211981864,45,1st & N St  SE,31209,38.8743,-77.0057,399505.3818,134052.4174
211981865,46,20th St & Florida Ave NW,31110,38.9154,-77.0446,396132.059,138615.7722
211981866,47,7th & T St NW,31109,38.9155,-77.0222,398074.7047,138626.1622
211981867,48,Eads & 22nd St S,31013,38.854381,-77.053412,395363.874,131842.6032
211981868,49,M St & New Jersey Ave SE,31208,38.8763,-77.0037,399678.9411,134274.4235
211981869,51,Massachusetts Ave & Dupont Circle NW,31200,38.9101,-77.0444,396149.1179,138027.4199
211981870,52,1st & M St NE,31603,38.9057,-77.0056,399514.2732,137538.0624
211981871,53,21st & M St NW,31212,38.90534,-77.046774,395942.9464,137499.1239
211981872,54,17th & K St NW,31213,38.90276,-77.03863,396649.2143,137212.3926
211981873,55,3rd & H St NW,31604,38.899408,-77.015289,398673.7621,136839.6958
211981874,56,3rd & D St SE,31605,38.8851,-77.0023,399800.4474,135251.2867
211981875,57,Potomac & Pennsylvania Ave SE,31606,38.8803,-76.9862,401197.3959,134718.5379
211981876,58,13th & E St SE,31607,38.882915,-76.987907,401049.2448,135008.8019
211981877,59,17th & Corcoran St NW,31214,38.9121,-77.0387,396643.582,138249.2114
211981878,60,Van Ness Metro / UDC,31300,38.944551,-77.063896,394460.876,141852.7783
211981879,61,Florida Ave & R St NW,31503,38.9126,-77.0135,398829.1647,138304.0906
211981880,62,8th & Eye St SE / Barracks Row,31608,38.8792,-76.9953,400407.815,134596.3495
211981881,63,Ward Circle / American University,31301,38.938736,-77.087171,392442.5578,141208.9315
211981882,64,Wisconsin Ave & Newark St NW,31302,38.934881,-77.072755,393692.0368,140779.8981
211981883,65,14th St Heights / 14th & Crittenden St NW,31402,38.947774,-77.032818,397155.1464,142209.1331
211981884,66,Anacostia Library,31804,38.865784,-76.9784,401874.5662,133107.2844
211981885,67,Pennsylvania & Minnesota Ave SE,31805,38.873057,-76.971015,402515.2205,133914.8189
211981886,68,Eastern Market / 7th & North Carolina Ave SE,31610,38.886952,-76.996806,400277.1106,135456.8754
211981887,69,14th St & New York Ave NW,31216,38.899632,-77.031686,397251.4198,136864.9275
211981888,70,Benning Branch Library,31705,38.894,-76.947974,404513.3156,136240.5398
211981889,71,USDA / 12th & C St SW,31217,38.886277,-77.028242,397549.7085,135382.3194
211981890,72,Georgetown Harbor / 30th St NW,31215,38.902221,-77.059219,394863.2754,137153.5164
211981891,73,12th & Newton St NE,31501,38.933668,-76.991016,400778.9391,140642.7692
211981892,74,US Dept of State / Virginia Ave & 21st St NW,31220,38.894919,-77.046587,395958.5759,136342.3012
211981893,75,L'Enfant Plaza / 7th & C St SW,31218,38.886266,-77.022241,398070.3583,135380.9543
211981894,76,10th St & Constitution Ave NW,31219,38.893028,-77.026013,397743.3113,136131.6756
211981895,77,Kennedy Center,31211,38.897293,-77.05557,395179.4608,136606.2701
211981896,78,Eastern Market Metro / Pennsylvania Ave & 7th St SE,31613,38.884,-76.995397,400399.3716,135129.1858
211981897,79,18th & M St NW,31221,38.905067,-77.041779,396376.1856,137468.6086
211981898,80,Tenleytown / Wisconsin Ave & Albemarle St NW,31303,38.947607,-77.079382,393118.6949,142193.0751
211981899,81,13th & H St NE,31611,38.900022,-76.988422,401004.3202,136907.8073
211981900,82,5th & F St NW,31620,38.897222,-77.019347,398321.7011,136597.0991
211981901,83,New York Ave & 15th St NW,31222,38.899032,-77.033354,397106.7059,136798.3743
211981902,84,Convention Center / 7th & M St NW,31223,38.905737,-77.02227,398068.3695,137542.3904
211981903,85,Harvard St & Adams Mill Rd NW,31112,38.927872,-77.043358,396240.4292,140000.2176
211981904,86,19th & L St NW,31224,38.903407,-77.043648,396213.9848,137284.411
211981905,87,C & O Canal & Wisconsin Ave NW,31225,38.90375,-77.06269,394562.3134,137323.4488
211981906,88,Maine Ave & 7th St SW,31609,38.878694,-77.023054,397999.6097,134540.4217
211981907,89,D St & Maryland Ave NE,31612,38.894758,-76.997114,400250.3612,136323.4017
211981908,90,34th St & Wisconsin Ave NW,31226,38.916442,-77.0682,394085.4325,138732.7073
211981909,92,8th & H St NW,31228,38.8997,-77.023086,397997.4227,136872.2523
211981910,93,10th & Monroe St NE,31504,38.932514,-76.992889,400616.5545,140514.6508
211981911,94,Eckington Pl & Q St NE,31505,38.910972,-77.00495,399570.6839,138123.2943
211981912,95,6th & H St NE,31615,38.899972,-76.998347,400143.3877,136902.1946
211981913,96,3rd & H St NE,31616,38.900412,-77.001949,399830.9372,136951.0386
211981914,97,Bladensburg Rd & Benning Rd NE,31617,38.900413,-76.982872,401485.7403,136951.2872
211981915,98,4th & East Capitol St NE,31618,38.889955,-77.000349,399969.7221,135790.227
211981916,99,Lincoln Park / 13th & East Capitol St NE,31619,38.890461,-76.988355,401010.2674,135846.4614
211981917,100,Branch & Pennsylvania Ave SE,31701,38.8692,-76.9599,403479.9307,133487.0282
211981918,101,13th & D St NE,31622,38.894832,-76.987633,401072.8391,136331.685
211981919,102,New Hampshire Ave & T St NW,31229,38.91554,-77.03818,396688.8408,138631.0609
211981920,103,Metro Center / 12th & G St NW,31230,38.898364,-77.027869,397582.4798,136724.0614
211981921,104,14th & D St NW / Ronald Reagan Building,31231,38.894514,-77.031617,397257.2084,136296.7868
211981922,107,20th & O St NW / Dupont South,31234,38.908905,-77.04478,396116.0948,137894.7812
211981923,108,4th & D St NW / Judiciary Square,31621,38.895344,-77.016106,398602.8121,136388.5716
211981924,109,19th St & Constitution Ave NW,31235,38.8923,-77.0436,396217.5594,136051.4436
211981925,110,37th & O St NW / Georgetown University,31236,38.90774,-77.071652,393785.3036,137766.9431
211981926,111,11th & H St NE,31614,38.899983,-76.991383,400747.4721,136903.4496
211981927,112,25th St & Pennsylvania Ave NW,31237,38.903827,-77.053485,395360.7536,137331.4883
211981928,113,Columbus Circle / Union Station,31623,38.89696,-77.00493,399572.3345,136567.8488
211981929,114,North Capitol St & F St NW,31624,38.897446,-77.009888,399142.246,136621.8335
211981930,115,11th & M St NW,31266,38.905607,-77.027137,397646.2168,137528.0736
211981931,116,36th & Calvert St NW / Glover Park,31304,38.922581,-77.070334,393900.8889,139414.3282
211981932,117,14th & G St NW,31238,38.898069,-77.031823,397239.4753,136691.4262
211981933,118,Potomac Ave & 35th St S,31052,38.844015,-77.050537,395612.7851,130691.7623
211981934,124,Ohio Dr & West Basin Dr SW / MLK & FDR Memorials,31240,38.88412,-77.04657,395959.4391,135143.5273
211981935,125,11th & F St NW,31262,38.897857,-77.026975,397660.014,136667.7571
211981936,126,23rd & E St NW,31260,38.896104,-77.049882,395672.8064,136473.9966
211981937,127,Lynn & 19th St North,31014,38.897315,-77.070993,393841.5616,136609.6397
211981938,128,Rosslyn Metro / Wilson Blvd & Ft Myer Dr,31015,38.8946,-77.072305,393727.5107,136308.3425
211981939,129,Clarendon Blvd & Pierce St,31016,38.893438,-77.076389,393373.1141,136179.64
211981940,130,Wilson Blvd & N Uhle St,31017,38.891696,-77.0846,392660.6158,135986.8924
211981941,131,N Rhodes & 16th St N,31018,38.892164,-77.079375,393113.9503,136038.437
211981942,132,Fairfax Village,31706,38.86559,-76.952103,404156.7748,133086.6177
211981943,133,21st St & Constitution Ave NW,31261,38.892459,-77.046567,395960.1716,136069.221
211981944,134,Wilson Blvd & N Edgewood St,31019,38.889,-77.0925,391974.9566,135688.2803
211981945,135,Columbia Rd & Belmont St NW,31113,38.920669,-77.04368,396212.126,139200.6367
211981946,136,Rhode Island & Connecticut Ave NW,31239,38.905996,-77.039802,396547.711,137571.6585
211981947,137,Thomas Circle,31241,38.9059,-77.0325,397181.0576,137560.7509
211981948,138,Wilson Blvd & Franklin Rd,31020,38.8904,-77.0889,392287.4339,135843.3808
211981949,139,Clarendon Blvd & N Fillmore St,31021,38.8881,-77.09308,391924.5356,135588.4245
211981950,140,Clarendon Metro / Wilson Blvd & N Highland St,31022,38.88786,-77.094875,391768.7767,135561.9429
211981951,141,18th St & Pennsylvania Ave NW,31242,38.89968,-77.041539,396396.7306,136870.5987
211981952,142,4th & C St SW,31243,38.886372,-77.017701,398464.2535,135392.635
211981953,143,4th & E St SW,31244,38.88412,-77.017445,398486.4164,135142.6413
211981954,144,3rd & G St SE,31625,38.881185,-77.001828,399841.3904,134816.6907
211982686,240,Pleasant St & MLK Ave SE,31807,38.863897,-76.990037,400864.6665,132897.639
211982687,241,Neal St & Trinidad Ave NE,31512,38.903732,-76.987211,401109.3092,137319.6612
211982688,242,12th & U St NW,31268,38.916787,-77.028139,397559.6888,138769.172
211982689,243,S George Mason Dr & Four Mile Run,31063,38.852248,-77.105022,390883.8896,131609.7125
211982690,244,S Stafford & 34th St S,31064,38.834108,-77.087323,392418.2699,129594.429
211982691,245,N Pershing Dr & Wayne St,31065,38.880705,-77.08596,392541.4816,134766.9171
211982692,246,Columbia Pike & S Orme St,31066,38.867262,-77.072315,393724.2392,133273.6172
211982693,247,3rd St & Pennsylvania Ave SE,31269,38.887378,-77.001955,399830.3857,135504.1617
211982694,248,8th & D St NW,31270,38.894851,-77.02324,397983.9271,136333.9781
211982695,249,3rd & Elm St NW,31118,38.917622,-77.01597,398615.0427,138861.609
211982696,250,Rhode Island Ave & V St NE,31513,38.918155,-77.004746,399588.4184,138920.666
211982697,251,Constitution Ave & 2nd St NW/DOL,31271,38.892275,-77.013917,398792.6549,136047.8572
211982698,252,Washington & Independence Ave SW/HHS,31272,38.886978,-77.013769,398805.4057,135459.8469
211982699,253,Independence Ave & L'Enfant Plaza SW/DOE,31633,38.887312,-77.025762,397764.9071,135497.1487
211982700,254,Hamlin & 7th St NE,31514,38.927497,-76.997194,400243.3095,139957.7003
211982701,255,Columbia Pike & S Walter Reed Dr,31067,38.862478,-77.086599,392484.1179,132743.6373
211982702,256,Columbia Pike & S Dinwiddie St / Arlington Mill Community Center,31068,38.856319,-77.11153,390319.5351,132062.2923
211982703,257,Pershing & N George Mason Dr,31069,38.871822,-77.107906,390636.1213,133782.8596
211982704,258,Fenton St & New York Ave,32001,38.985404,-77.023082,398000.1753,146386.1589
211982705,259,Bethesda Ave & Arlington Rd,32002,38.981103,-77.097426,391558.5023,145912.9575
211982706,260,Montgomery Ave & Waverly St,32003,38.983838,-77.09221,392010.7503,146216.0997
211982707,261,Fallsgrove Blvd & Fallsgrove Dr,32004,39.096312,-77.192672,383332.8936,158715.5216
211982708,262,Traville Gateway Dr & Gudelsky Dr,32005,39.093783,-77.202501,382482.0138,158436.6119
211982709,263,Norfolk Ave & Fairmont St,32000,38.988562,-77.096539,391636.2322,146740.8977
211982710,264,E Montgomery Ave & Maryland Ave,32007,39.084125,-77.151291,386910.3144,157355.8713
211982711,265,Cordell & Norfolk Ave,32008,38.98954,-77.098029,391507.261,146849.6029
211982712,266,Frederick Ave & Horners Ln,32009,39.094772,-77.145213,387438.0622,158536.9647
211982713,267,Philadelphia & Maple Ave,32010,38.98128,-77.011336,399017.792,145928.1627
211982714,268,Maple & Ritchie Ave,32011,38.983627,-77.006311,399453.2013,146188.6606
211982715,269,Silver Spring Metro/Colesville Rd & Wayne Ave,32012,38.99521,-77.02918,397472.1925,147474.8737
211982716,270,Montgomery & East Ln,32013,38.983525,-77.095367,391737.1856,146181.6346
211982717,271,Friendship Hts Metro/Wisconsin Ave & Wisconsin Cir,32014,38.961763,-77.085998,392546.6611,143765.0395
211982718,272,14th & Belmont St NW,31119,38.921074,-77.031887,397234.8156,139245.1718
211982719,273,3rd & Tingey St SE,31634,38.87501,-77.0024,399791.7418,134131.22
211982720,274,10th & Florida Ave NW,31120,38.920387,-77.025672,397773.748,139168.7391
211982721,275,Potomac Ave & 8th St SE,31635,38.876737,-76.994468,400480.0235,134322.9419
211982722,276,Crabbs Branch Way & Redland Rd,32015,39.120045,-77.156985,386424.5277,161344.2744
211982723,277,Fallsgrove Dr & W Montgomery Ave,32016,39.099376,-77.188014,383736.5343,159054.8233
211982724,278,Monroe St & Monroe Pl,32017,39.083673,-77.149162,387094.4331,157305.3907
211982725,279,Needwood Rd & Eagles Head Ct,32018,39.123513,-77.15741,386388.4392,161729.3311
211982726,280,East West Hwy & Blair Mill Rd,32019,38.990249,-77.02935,397457.2886,146924.1578
211982727,281,Crabbs Branch Way & Calhoun Pl,32020,39.107709,-77.152072,386847.1038,159974.1002
211982728,282,47th & Elm St,32021,38.982456,-77.091991,392029.5703,146062.6651
211982729,283,Dennis & Amherst Ave,32022,39.025387,-77.044563,396141.228,150825.3728
211982730,284,Montgomery College/W Campus Dr & Mannakee St,32023,39.095661,-77.159048,386241.4112,158637.6492
211982731,285,Fenton St & Gist Ave,32024,38.989724,-77.023854,397933.4145,146865.7388
211982732,286,Carroll & Westmoreland Ave,32025,38.975,-77.01121,399028.6236,145231.0206
211982733,287,Carroll & Ethan Allen Ave,32026,38.977933,-77.006472,399439.207,145556.5721
211982734,288,Battery Ln & Trolley Trail,32027,38.992375,-77.100104,391327.8386,147164.511
211982735,289,Norfolk & Rugby Ave,32028,38.990639,-77.100239,391315.9317,146971.8107
211982736,290,Offutt Ln & Chevy Chase Dr,32029,38.977093,-77.094589,391803.8535,145467.5504
211982737,291,Broschart & Blackwell Rd,32030,39.102099,-77.200322,382672.5406,159359.3747
211982738,292,Taft St & E Gude Dr,32031,39.094103,-77.132954,388498.4423,158461.0817
211982739,293,Fleet St & Ritchie Pkwy,32032,39.076331,-77.141378,387766.6457,156489.2688
211982740,294,Piccard & W Gude Dr,32033,39.102212,-77.177091,384681.9981,159367.7653
211982741,295,Ripley & Bonifant St,32034,38.992679,-77.029457,397448.1058,147193.915
211982742,296,Georgia Ave & Spring St,32035,38.999388,-77.031555,397266.6111,147938.7423
211982743,297,Fenton St & Ellsworth Dr,32036,38.997033,-77.025608,397781.6847,147677.1522
211982744,298,King Farm Blvd & Pleasant Dr,32037,39.114688,-77.171487,385169.3335,160751.8343
211982745,299,King Farm Blvd & Piccard Dr,32038,39.110314,-77.182669,384201.3131,160268.1402
211982746,301,Calvert St & Woodley Pl NW,31121,38.923583,-77.050046,395660.2519,139524.3987
211982747,302,New Jersey Ave & N St NW/Dunbar HS,31636,38.90706,-77.015231,398678.935,137689.1288
211982748,303,Nannie Helen Burroughs Ave & 49th St NE,31710,38.898536,-76.931862,405910.6742,136744.9916
211982749,304,Deanwood Rec Center,31711,38.908473,-76.933099,405802.5615,137847.9993
211982750,305,Hains Point/Buckeye & Ohio Dr SW,31273,38.878433,-77.03023,397376.9402,134511.6305
211982751,306,Arlington Blvd & Fillmore St,31070,38.873755,-77.089233,392256.7382,133995.6873
211982752,307,Long Bridge Park/Long Bridge Dr & 6th St S,31071,38.86646,-77.04826,395811.773,133183.2107
211982753,308,Old Georgetown Rd & Southwick St,32039,38.999634,-77.109647,390502.0823,147971.2824
211982754,309,Friendship Blvd & Willard Ave,32040,38.96115,-77.088659,392315.9696,143697.2115
211982755,310,North Capitol St & G Pl NE,31637,38.899703,-77.008911,399227.0222,136872.3698
211982756,311,31st & Woodrow St S,31072,38.837666,-77.09482,391767.761,129990.0404
211982757,312,Washington Blvd & Walter Reed Dr,31073,38.873219,-77.082104,392875.3089,133935.6068
211982758,313,TJ Cmty Ctr / 2nd St & S Old Glebe Rd,31074,38.869418,-77.095596,391704.08,133514.8072
211982759,314,Connecticut Ave & Tilden St NW,31313,38.941154,-77.062036,394621.8626,141475.57
211982760,315,Medical Center Dr & Key West Ave,32041,39.103091,-77.196442,383008.3894,159468.7697
211982761,316,Shady Grove Hospital,32042,39.097636,-77.196636,382990.3046,158863.2331
211982762,317,Veterans Pl & Pershing Dr,32043,38.997445,-77.023894,397930.1735,147722.8481
211982763,318,Rockville Metro East,32044,39.085394,-77.145803,387385.3603,157495.9731
211982764,319,1st & H St NW,31638,38.900358,-77.012108,398949.7106,136945.112
211982765,320,Fort Totten Metro,31515,38.952369,-77.002721,399764.1432,142718.7119
211982766,321,Takoma Metro,31408,38.975219,-77.016855,398539.4739,145255.4069
211982767,322,Rhode Island Ave Metro,31516,38.920682,-76.995876,400357.628,139201.1816
211982768,323,Rolfe St & 9th St S,31075,38.866471,-77.076131,393392.9996,133186.0797
211982769,324,Shirlington Transit Center / S Quincy & Randolph St,31076,38.839912,-77.087083,392439.7222,130238.6925
211982770,325,Shady Grove Metro West,32045,39.119765,-77.166093,385636.8464,161314.5845
211982771,326,River Rd & Landy Ln,32046,38.964992,-77.103381,391040.5048,144125.0512
211982772,327,Rockville Metro West,32047,39.084379,-77.146866,387293.2101,157383.4432
211982773,328,Bethesda Metro,32048,38.984691,-77.094537,391809.2327,146310.9972
211982774,329,Iwo Jima Memorial/N Meade & 14th St N,31077,38.88992,-77.071301,393814.2024,135788.7574
211982775,330,34th & Water St NW,31314,38.903663,-77.067668,394130.5181,137314.0994
211982776,331,Duke St & John Carlyle St,31081,38.804378,-77.060866,394713.171,126292.3414
211982777,332,Lee Hwy & N Cleveland St,31079,38.894941,-77.09169,392045.8923,136347.7067
211982778,333,Arlington Blvd & S George Mason Dr/NFATC,31078,38.869442,-77.104503,390931.1247,133518.3185
211982779,334,10th & G St NW,31274,38.898243,-77.026235,397724.2187,136710.5874
211982780,335,Lee Hwy & N Scott St,31080,38.897612,-77.080851,392986.4379,136643.3202
211982781,336,New Hampshire Ave & 24th St NW,31275,38.901755,-77.051084,395568.8857,137101.3604
211982782,337,Eisenhower Ave & Mill Race Ln,31082,38.801111,-77.068952,394010.5462,125930.1835
211982783,338,Potomac Greens Dr & Slaters Ln,31083,38.82175,-77.047494,395875.6679,128220.0553
211982784,339,Ballenger Ave & Dulaney St,31084,38.802677,-77.063562,394478.8647,126103.6794
211982785,340,Mount Vernon Ave & E Nelson Ave,31085,38.820064,-77.057619,394996.3049,128033.4045
211982786,341,Mount Vernon Ave & E Del Ray Ave,31086,38.82595,-77.058541,394916.6564,128686.84
211982787,342,Monroe Ave & Leslie Ave,31087,38.820932,-77.053096,395389.143,128129.5199
211982788,343,Mount Vernon Ave & Kennedy St,31088,38.833077,-77.059821,394806.0275,129478.0567
211982789,344,Court House Metro / 15th & N Uhle St,31089,38.890612,-77.084801,392643.0665,135866.5762
211982790,345,Washington Adventist U / Flower Ave & Division St,32049,38.986743,-77.000035,399996.9677,146534.5483
211982791,346,6th & S Ball St,31090,38.864702,-77.048672,395775.9137,132988.0787
211982792,347,McKinley St & Connecticut Ave NW,31315,38.964544,-77.075135,393488.3976,144072.9255
211982793,348,15th & L St NW,31276,38.90366,-77.034846,396977.4784,137312.1678
211982794,349,17th & G St NW,31277,38.89841,-77.039624,396562.7846,136729.5447
211982795,350,Spring St & Second Ave,32050,38.997653,-77.034499,397011.5202,147746.232
211982796,351,18th & R St NW,31278,38.912648,-77.041834,396371.8007,138310.1638
211982797,352,S Joyce & 16th St S,31091,38.859254,-77.063275,394508.1473,132384.0883
211982798,353,Union Market/6th St & Neal Pl NE,31517,38.908387,-76.996869,400271.5631,137836.3311
211982799,354,Lee Hwy & N Monroe St,31092,38.896456,-77.104562,390929.4394,136517.0839
211982800,355,21st St N & N Pierce St,31093,38.898984,-77.078317,393206.3848,136795.4315
211982801,356,Lee Hwy & N Kirkwood Rd,31094,38.895377,-77.09713,391574.024,136396.5942
211982802,357,19th & G St NW,31279,38.898412,-77.043182,396254.1432,136729.9067
211982803,358,2nd St & Seaton Pl NE,31522,38.914751,-77.00356,399691.2557,138542.7889
211982804,359,Wilson Blvd & N Illinois St,31902,38.876528,-77.12712,388969.4952,134307.4068
211982805,364,Army Navy Dr & S Nash St,31095,38.86215,-77.068121,394087.7864,132705.8679
211982806,365,31st & Water St NW,31293,38.902814,-77.061043,394705.1035,137219.4484
211982807,367,11th & S St NW,31280,38.913761,-77.027025,397656.1993,138433.2316
211982808,368,S Walter Reed Dr & 8th St S,31096,38.86612,-77.08787,392374.1977,133148.0312
211982809,369,2nd & G St NE,31639,38.89967,-77.003666,399681.9955,136868.6752
211982810,370,8th & O St NW,31281,38.90864,-77.02277,398025.0815,137864.6578
211982811,371,Georgia & Missouri Ave NW,31411,38.961339,-77.027855,397585.8274,143714.8292
211982812,373,Oklahoma Ave & D St NE,31712,38.894474,-76.974828,402183.6857,136292.1726
211982813,374,Maryland Ave & E St NE,31640,38.896134,-76.9929,400615.9148,136476.1686
211982814,375,New York Ave & Hecht Ave NE,31518,38.915604,-76.983683,401415.09,138637.5995
211982815,376,Yuma St & Tenley Circle NW,31316,38.946182,-77.08059,393013.8386,142034.9791
211982816,377,Connecticut Ave & Chevy Chase Lake Dr,32051,38.994113,-77.076986,393330.7482,147355.5038
211982817,378,Key West Ave & Siesta Key Way,32052,39.105295,-77.194774,383153.1879,159713.1322
211982818,379,Lee Hwy & N Woodstock St,31900,38.898301,-77.118009,389763.2023,136723.3155
211982819,380,Saint Asaph & Madison St,31097,38.812718,-77.044097,396170.1757,127217.2968
211982820,381,King St Metro North / Cameron St,31098,38.80704,-77.059817,394804.4809,126587.7799
211982821,382,Madison & N Henry St,31099,38.813485,-77.049468,395703.7505,127302.6778
211982822,383,Medical Center Metro,32053,38.999378,-77.097882,391521.1673,147941.7054
211982823,384,Washington Blvd & N Frederick St,31901,38.884829,-77.127671,388922.9724,135228.947
211982824,385,Wisconsin Ave & Ingomar St NW,31317,38.958267,-77.084636,392664.3441,143376.841
211982825,386,16th & Irving St NW,31122,38.928893,-77.03625,396856.8086,140113.2886
211982826,387,16th & R St NW,31282,38.912652,-77.036278,396853.6643,138310.4017
211982827,388,Lyttonsville Rd & Lyttonsville Pl,32054,38.999679,-77.051168,395567.6923,147971.816
211982828,389,Woodmont Ave & Strathmore St,32055,38.979875,-77.093522,391896.6255,145776.2839
211982829,390,14th & L St NW,31283,38.903658,-77.031737,397247.1512,137311.8475
211982830,391,1st & O St NW,31519,38.908643,-77.012365,398927.5421,137864.8171
211982831,392,South Capitol & Atlantic St SW,31811,38.831516,-77.008133,399293.8349,129303.1048
211982832,393,18th & C St NW,31284,38.893511,-77.041544,396395.9852,136185.791
211982833,394,22nd & P ST NW,31285,38.909394,-77.048728,395773.7018,137949.2396
211982834,395,East West Hwy & 16th St,32056,38.995681,-77.038721,396645.6961,147527.4668
211982835,396,Royal & Wilkes St,31903,38.799267,-77.0447,396117.074,125724.1768
211982836,397,14th & Girard St NW,31123,38.925284,-77.032375,397192.6628,139712.5324
211982837,398,Potomac Ave & Main Line Blvd,31910,38.822738,-77.049265,395721.9352,128329.8113
211982838,399,11th & O St NW,31286,38.90843,-77.02714,397646.0498,137841.4497
211982839,400,10th St & L'Enfant Plaza SW,31287,38.884323,-77.02601,397743.2963,135165.3527
211982840,401,Connecticut Ave & Yuma St NW,31318,38.947156,-77.065115,394355.4076,142142.0313
211982841,402,2nd St & Massachusetts Ave NE,31641,38.894972,-77.003135,399728.0388,136347.1581
211982842,403,Radford & Osage St,31908,38.828437,-77.086031,392529.8532,128964.8036
211982843,404,East Falls Church Metro/Sycamore St & 19th St N,31904,38.884859,-77.155988,386466.1326,135236.0943
211982844,405,Kennebec St & 11th St N,31905,38.880992,-77.135271,388262.9483,134803.9606
211982845,406,Commonwealth Ave & Oak St,31906,38.812711,-77.061715,394640.0521,127217.4066
211982846,407,Commonwealth & E Monroe Ave,31913,38.820058,-77.062821,394544.5573,128033.0364
211982847,408,4th St & Madison Dr NW,31288,38.890493,-77.017253,398503.2087,135850.0906
211982848,409,Henry Bacon Dr & Lincoln Memorial Circle NW,31289,38.890544,-77.049379,395716.1071,135856.7692
211982849,410,17th St & Independence Ave SW,31290,38.888097,-77.038325,396674.9868,135584.6724
211982850,411,Franklin & S Washington St,31907,38.798133,-77.0487,395769.5415,125598.4735
211982851,412,Mount Vernon Ave & Four Mile Run Park,31909,38.843422,-77.064016,394442.601,130626.6693
211982852,413,New Jersey Ave & L St NW,31642,38.903598,-77.01397,398788.2493,137304.8012
211982853,414,Mount Vernon Ave & Bruce St,31912,38.841291,-77.063093,394522.5655,130390.0578
211982854,415,Lee Center,31914,38.797557,-77.053766,395329.432,125534.781
211982855,416,Powhatan St & Bashford Ln,31915,38.818748,-77.047783,395850.397,127886.8268
211982856,417,Potomac & Swann Ave,31916,38.829545,-77.047844,395845.7278,129085.3677
211982857,418,14th & Irving St NW,31124,38.928552,-77.032224,397205.8846,140075.3037
211982858,419,Vermont Ave & I St NW,31291,38.901136,-77.034451,397011.6348,137031.9705
211982859,420,Wisconsin Ave & Brandywine St NW,31319,38.949813,-77.080217,393046.5273,142438.0242
211982860,421,24th & R St NE / National Arboretum,31520,38.91263,-76.971923,402435.0762,138307.7088
211982861,422,Division Ave & Foote St NE,31713,38.897407,-76.925907,406427.3461,136620.0661
211982862,423,16th & Q St SE / Anacostia HS,31812,38.870695,-76.982359,401530.8771,133652.3679
211982863,424,Spring Hill Metro,32200,38.929261,-77.240654,379133.3291,140181.02
211982864,425,Westpark Dr & Leesburg Pike,32201,38.92403,-77.235955,379539.269,139599.2725
211982865,427,Tysons One Pl & Chain Bridge Rd,32203,38.919475,-77.221179,380819.3354,139090.4224
211982866,428,Tysons Corner Station,32204,38.920939,-77.222115,380738.561,139253.1354
211982867,429,Westpark & Jones Branch Dr,32205,38.924437,-77.217664,381125.4694,139640.5122
211982868,430,Jones Branch & Westbranch Dr,32206,38.931911,-77.219261,380988.98,140470.5194
211982869,431,Westpark & Park Run Dr,32207,38.928919,-77.225394,380456.3994,140139.6776
211982870,432,Tysons West Transit Center,32208,38.932636,-77.231825,379899.8254,140553.6918
211982871,433,North Shore & Cameron Crescent Dr/Crescent Apartments,32209,38.970046,-77.338686,370649.9832,144735.4649
211982872,434,Town Center Pkwy & Bowman Towne Dr,32210,38.962524,-77.361902,368634.8196,143908.1787
211981955,145,7th & R St NW / Shaw Library,31245,38.912719,-77.022155,398078.5324,138317.4472
211981956,146,9th & Upshur St NW,31404,38.9418,-77.0251,397824.0048,141545.7535
211981957,147,1st & Rhode Island Ave NW,31506,38.915417,-77.012289,398934.235,138616.7862
211981958,148,Columbia Rd & Georgia Ave NW,31115,38.928121,-77.023795,397936.7434,140027.2348
211981959,149,California St & Florida Ave NW,31116,38.917761,-77.04062,396477.3416,138877.7017
211981960,150,Benning Rd & East Capitol St NE / Benning Rd Metro,31707,38.889935,-76.93723,405445.6802,135789.879
211981961,151,3000 Connecticut Ave NW / National Zoo,31307,38.930282,-77.055599,395179.1755,140268.3235
211981962,152,Anacostia Ave & Benning Rd NE / River Terrace,31708,38.896544,-76.96012,403459.5128,136522.4136
211981963,153,M St & Pennsylvania Ave NW,31246,38.905126,-77.056887,395065.7567,137475.8662
211981964,154,15th St & Massachusetts Ave SE,31626,38.88732,-76.983569,401425.5418,135497.8497
211981965,155,Congress Heights Metro,31806,38.844711,-76.987823,401057.0987,130767.8792
211981966,156,N Quincy St & Glebe Rd,31035,38.876393,-77.107735,390651.5592,134290.257
211981967,157,Barcroft Community Center,31033,38.850337,-77.100989,391233.7268,131397.1831
211981968,158,N Veitch  & 20th St N,31029,38.896923,-77.086502,392496.1597,136567.2851
211981969,159,10th & K St NW,31263,38.9024,-77.02622,397725.6524,137172.0474
211981970,160,Fairfax Dr & Wilson Blvd,31023,38.885801,-77.097745,391519.5349,135333.6408
211981971,161,Key Blvd & N Quinn St,31027,38.896015,-77.078107,393224.3193,136465.8334
211981972,162,1st & K St SE,31628,38.878854,-77.005727,399503.0706,134557.946
211981973,163,39th & Calvert St NW / Stoddert,31306,38.922649,-77.077271,393299.3438,139422.3631
211981974,164,1st & Washington Hospital Center NW,31507,38.928743,-77.012457,398919.8671,140096.0869
211981975,165,Virginia Square Metro / N Monroe St & 9th St N,31024,38.882788,-77.103148,391050.3869,134999.6906
211981976,166,Central Library / N Quincy St & 10th St N,31025,38.88397,-77.10783,390644.3093,135131.371
211981977,167,Washington Blvd & 10th St N,31026,38.884734,-77.093485,391889.0158,135214.8085
211981978,168,Jefferson Dr & 14th St SW,31247,38.888553,-77.032429,397186.5319,135635.0937
211981979,169,Smithsonian-National Mall / Jefferson Dr & 12th St SW,31248,38.888767,-77.02858,397520.47,135658.7378
211981980,170,George Mason Dr & Wilson Blvd,31036,38.87887,-77.1207,389526.9173,134566.6302
211981981,171,6th St & Indiana Ave NW,31264,38.894573,-77.01994,398270.1958,136303.0502
211981982,172,N Veitch & Key Blvd,31028,38.893241,-77.086045,392535.4181,136158.5167
211981983,173,Lee Hwy & N Adams St,31030,38.89593,-77.089006,392278.8363,136457.2631
211981984,174,15th & N Scott St,31031,38.89054,-77.08095,392977.1539,135858.2803
211981985,175,Washington Blvd & 7th St N,31032,38.880834,-77.091129,392092.9958,134781.6721
211981986,176,Ballston Metro / N Stuart & 9th St N,31037,38.881044,-77.111768,390302.2378,134806.9737
211981987,177,N Randolph St & Fairfax Dr,31034,38.882629,-77.109366,390510.8626,134982.6683
211981988,178,Jefferson Memorial,31249,38.879819,-77.037413,396753.7338,134665.7179
211981989,179,Good Hope Rd & 14th St SE,31803,38.866611,-76.985238,401281.1123,133198.9693
211981990,180,Glebe Rd & 11th St N,31038,38.883921,-77.116817,389864.5607,135126.891
211981991,181,Wilson Blvd & N Quincy St,31039,38.880012,-77.107854,390641.7079,134692.0054
211981992,182,Fairfax Dr & Kenmore St,31040,38.884616,-77.10108,391230.041,135202.4118
211981993,183,Gallaudet / 8th St & Florida Ave NE,31508,38.90509,-76.9941,400511.7523,137470.3491
211981994,185,20th & L St NW,31250,38.903584,-77.044789,396115.0244,137304.1074
211981995,186,12th & L St NW,31251,38.903819,-77.0284,397536.6062,137329.6244
211981996,187,21st St & Pennsylvania Ave NW,31252,38.901539,-77.046564,395960.946,137077.173
211981997,188,19th & K St NW,31253,38.902204,-77.04337,396238.035,137150.8568
211981998,189,Prince St & Union St,31041,38.803124,-77.040363,396494.0027,126152.1522
211981999,190,Market Square / King St & Royal St,31042,38.804718,-77.043363,396233.5018,126329.2156
211982000,191,Saint Asaph St & Pendleton  St,31043,38.810743,-77.044664,396120.8245,126998.0832
211982001,192,King St & Patrick St,31044,38.805317,-77.049883,395667.2127,126395.9976
211982002,193,15th & K St NW,31254,38.902,-77.03353,397091.5598,137127.8517
211982003,194,Commerce St & Fayette St,31045,38.805648,-77.05293,395402.5747,126432.8897
211982004,195,Henry St & Pendleton St,31046,38.811456,-77.050276,395633.4525,127077.4842
211982005,196,Braddock Rd Metro,31047,38.814577,-77.052808,395413.7448,127424.0593
211982006,197,King St Metro South,31048,38.805767,-77.06072,394725.9552,126446.5207
211982007,198,24th & N St NW,31255,38.9066,-77.05152,395531.3698,137639.2158
211982008,199,10th & E St NW,31256,38.895914,-77.026064,397738.9784,136452.0457
211982009,200,22nd & I St NW / Foggy Bottom,31257,38.90088,-77.048911,395757.3234,137004.1251
211982010,201,Utah St & 11th St N,31049,38.883669,-77.113905,390117.1807,135098.5978
211982011,202,Barton St & 10th St N,31050,38.884961,-77.08777,392384.8871,135239.515
211982012,203,Arlington Blvd & N Queen St,31051,38.889365,-77.077294,393294.2209,135727.5712
211982013,204,Lincoln Memorial,31258,38.888251,-77.049426,395711.8918,135602.2305
211982014,206,20th St & Virginia Ave NW,31259,38.894722,-77.045128,396085.1334,136320.3691
211982015,207,5th St & Massachusetts Ave NW,31265,38.90093,-77.018677,398379.906,137008.7047
211982016,208,39th & Veazey St NW,31308,38.943837,-77.077078,393318.066,141774.4003
211982657,209,Fessenden St & Wisconsin Ave NW,31309,38.954812,-77.082426,392855.5451,142993.1291
211982658,211,Columbia Pike & S Courthouse Rd,31053,38.863833,-77.080319,393029.288,132893.5539
211982659,212,Walter Reed Community Center / Walter Reed Dr & 16th St S,31054,38.857803,-77.086733,392471.9951,132224.6897
211982660,213,28th St S & S Meade St,31055,38.846222,-77.069275,393986.2891,130937.822
211982661,214,18th St & Wyoming Ave NW,31114,38.918809,-77.041571,396394.9217,138994.0757
211982662,215,5th & Kennedy St NW,31403,38.956556,-77.019814,398282.6198,143183.69
211982663,216,Georgia Ave & Emerson St NW,31405,38.949662,-77.027333,397630.6806,142418.5615
211982664,217,14th & Upshur St NW,31406,38.942016,-77.032652,397169.3077,141569.9385
211982665,218,14th St & Colorado Ave NW,31407,38.956432,-77.032947,397144.3109,143170.2538
211982666,219,S Troy St & 26th St S,31056,38.847977,-77.075104,393480.4384,131133.0394
211982667,220,S Four Mile Run Dr & S Shirlington Rd,31057,38.8444,-77.085931,392540.2043,130736.7966
211982668,221,S Oakland St & Columbia Pike,31058,38.860789,-77.09586,391680.164,132556.9494
211982669,222,S Four Mile Run & Walter Reed Dr,31059,38.84736,-77.095431,391715.8392,131066.1963
211982670,223,S Arlington Mill Dr & Campbell Ave,31060,38.84232,-77.089555,392225.3731,130506.2046
211982671,224,S Kenmore & 24th St S,31061,38.848454,-77.084918,392628.5629,131186.7364
211982672,225,13th St & Eastern Ave,32006,38.987,-77.029417,397451.3679,146563.4885
211982673,226,Wisconsin Ave & O St NW,31312,38.90849,-77.063586,394484.9615,137849.681
211982674,227,S George Mason Dr & 13th St S,31062,38.856511,-77.100248,391298.8014,132082.4698
211982675,228,Connecticut & Nebraska Ave NW,31310,38.955016,-77.069956,393936.4269,143014.8728
211982676,229,17th St & Massachusetts Ave NW,31267,38.908142,-77.038359,396672.972,137809.8284
211982677,230,15th & Euclid St  NW,31117,38.92333,-77.0352,396947.6146,139495.7125
211982678,231,8th & East Capitol St NE,31629,38.889988,-76.995193,400417.0363,135793.9012
211982679,232,New Jersey Ave & R St NW,31509,38.912659,-77.017669,398467.5947,138310.7019
211982680,233,15th & East Capitol St NE,31630,38.889908,-76.983326,401446.5718,135785.1417
211982681,234,8th & F St NE,31631,38.897274,-76.994749,400455.5094,136602.7068
211982682,235,18th St & Rhode Island Ave NE,31510,38.927095,-76.978924,401827.5193,139913.282
211982683,236,15th & F St NE,31632,38.897195,-76.983575,401424.824,136594.0523
211982684,237,12th & Irving St NE,31511,38.928644,-76.990955,400784.2832,140085.0622
211982685,239,Alabama & MLK Ave SE,31800,38.84323,-76.999376,400054.1712,130603.4076
211981771,480,Reston Pkwy & Spectrum Dr,32225,38.964208,-77.35428,369296.1222,144092.5258
211981772,481,Key West Ave & Great Seneca Hwy,32070,39.105642,-77.20386,382367.3894,159753.3694
211981773,482,Virginia Ave & 25th St NW,31297,38.8995,-77.054155,395302.3534,136851.1909
211981774,483,15th & M St NW,31298,38.905424,-77.034674,396992.472,137507.9804
211981775,484,11th & Girard St NW,31126,38.925636,-77.027112,397649.0456,139751.4587
211981776,485,Connecticut Ave & R St NW,31299,38.912644,-77.04564,396041.7119,138309.8779
211981777,486,Wilson Blvd & N Troy St,31924,38.892556,-77.082089,392878.5408,136082.1603
211981778,487,Nebraska Ave/AU East Campus,31320,38.936298,-77.087128,392446.0274,140938.2887
211981779,488,15th St & Constitution Ave NW,31321,38.892244,-77.033234,397116.841,136044.8487
211981780,489,22nd & H St NW,31127,38.899104,-77.048946,395754.1817,136806.9765
211981781,490,23rd & M St NW,31128,38.905303,-77.050264,395640.2307,137495.1775
211981782,491,Corporate Blvd & Omega Dr,32071,39.106971,-77.192645,383337.7263,159898.7985
211981783,492,Key West Ave & Diamondback Dr,32072,39.106152,-77.202354,382497.7742,159809.696
211981784,493,Alabama Ave & Stanton Rd SE / Shops at Park Village,31813,38.84627,-76.98185,401575.587,130941.0252
211981785,494,Mississippi Ave & 19th St SE / THEARC,31814,38.84377,-76.97557,402120.823,130663.635
211981786,495,19th & Savannah St SE,31815,38.84623,-76.97703,401994.0084,130936.6792
211981787,496,4th St & Mississippi Ave SE,31816,38.836,-77.0009,399921.8605,129800.8281
211981788,497,1st & S Capitol St SE / Oxon Run Trail,31817,38.824481,-77.005497,399522.6642,128522.1558
211981789,498,Livingston Rd & 3rd St SE,31818,38.82373,-77.00223,399806.3544,128438.7778
211981790,499,Joliet St & MLK Ave SW/Bald Eagle Rec Ctr,31819,38.81909,-77.01033,399102.9195,127923.7558
211981791,500,37th & Ely Pl SE / Fort Dupont Ice Arena,31715,38.883011,-76.949709,404363.4744,135020.5911
211981792,501,15th St & Pennsylvania Ave NW/Pershing Park,31129,38.89635,-77.03338,397104.3417,136500.6518
211981793,505,Maine Ave & 9th St SW,31646,38.88044,-77.025236,397810.3316,134734.2911
211981794,506,Lincoln Rd & Seaton Pl NE/Harry Thomas Rec Center,31523,38.915,-77.0078,399323.5401,138570.4529
211981795,507,Blueridge Ave & Elkins St,32073,39.04313,-77.05006,395666.3153,152795.2872
211981796,508,Georgia Ave & Kennedy St NW,31415,38.95674,-77.02791,397580.9045,143204.2991
211981797,509,7th St & Massachusetts Ave NE,31647,38.89222,-76.99602,400345.2782,136041.6672
211981798,510,Anacostia Park,31820,38.87335,-76.9834,401440.4861,133947.0758
211981799,511,Twinbrook Metro,32074,39.062041,-77.120776,389547.2246,154900.351
211981800,512,White Flint Metro,32075,39.04753,-77.11287,390229.4715,153288.5887
211981801,513,Citadel Ave & McGrath Blvd,32076,39.049,-77.10933,390536.1049,153451.4024
211981802,514,Rockville Pike & Old Georgetown Rd,32077,39.049765,-77.11368,390159.6633,153536.7859
211981803,515,Woodglen Dr & Executive Blvd,32078,39.04317,-77.1135,390174.3341,152804.6476
211981804,516,Executive Blvd & E Jefferson St,32079,39.04873,-77.1257,389119.0338,153423.2534
211981805,517,Fishers Ln & Rock Creek Mill Rd,32080,39.0629,-77.113454,390181.0384,154994.897
211981806,518,Congressional Ln & E Jefferson St,32081,39.06219,-77.129235,388815.1492,154917.8942
211981807,519,Garland Ave & Walden Rd,32082,39.00048,-77.00077,399933.3013,148059.4933
211981808,520,Greensboro & Pinnacle Dr,32227,38.92245,-77.23034,380025.7276,139422.6362
211981809,521,1301 McCormick Dr / Wayne K. Curry Admin Bldg,32400,38.908391,-76.843263,413594.3672,137848.4408
211981810,522,Largo Town Center Metro,32401,38.899811,-76.844604,413479.6788,136895.7939
211981811,523,Baltimore Ave & Van Buren St / Riverdale Park Station,32402,38.969581,-76.937349,405429.2884,144631.2633
211981812,524,Baltimore Ave & Jefferson St,32403,38.95548,-76.940133,405189.0557,143065.7593
211981813,525,Perry & 35th St,32404,38.936213,-76.960054,403463.3113,140926.0058
211981814,526,Grand Park & Rose Ave,32083,39.051035,-77.1176,389820.5231,153678.2001
211981815,527,Potomac Ave & Half St SW,31648,38.870201,-77.010837,399059.5641,133597.4381
211981816,26,20th & E St NW,31204,38.8963,-77.045,396096.3238,136495.5341
211981817,27,21st & I St NW,31205,38.9008,-77.047,395923.0843,136995.1574
211981818,91,13th St & New York Ave NW,31227,38.900283,-77.029822,397413.1348,136937.1393
211981819,105,7th & F St NW / National Portrait Gallery,31232,38.897296,-77.022201,398074.1265,136605.3701
211981820,106,17th & K St NW / Farragut Square,31233,38.902061,-77.038322,396675.8978,137134.7868
211981821,210,3rd & M St NE,31627,38.90547,-77.00213,399815.2497,137512.5178
211981822,1,Eads St & 15th St S,31000,38.858971,-77.05323,395379.9686,132352.1169
211981823,2,18th & Eads St.,31001,38.85725,-77.05332,395372.0456,132161.0781
211981824,3,20th & Crystal Dr,31002,38.856425,-77.049232,395726.8176,132069.2979
211981825,4,15th & Crystal Dr,31003,38.86017,-77.049593,395695.7098,132485.0368
211981826,5,Aurora Hills Community Ctr/18th & Hayes St,31004,38.857866,-77.05949,394836.5599,132229.7894
211981827,6,Pentagon City Metro / 12th & S Hayes St,31005,38.862303,-77.059936,394798.1726,132722.3538
211981828,7,S Joyce & Army Navy Dr,31006,38.8637,-77.0633,394506.3197,132877.628
211981829,8,Crystal City Metro / 18th & Bell St,31007,38.857405,-77.051132,395561.9645,132178.1755
211981830,9,12th & Army Navy Dr,31008,38.8629,-77.0528,395417.5422,132788.2427
211981831,10,27th & Crystal Dr,31009,38.848441,-77.051516,395528.0734,131183.1266
211981832,11,S Glebe & Potomac Ave,31010,38.8426,-77.0502,395641.9543,130534.6713
211981833,12,23rd & Crystal Dr,31011,38.8533,-77.0498,395677.3277,131722.4273
211981834,13,26th & S Clark St,31012,38.850688,-77.05152,395527.867,131432.5597
211981835,14,19th St & Pennsylvania Ave NW,31100,38.9003,-77.0429,396278.704,136939.4783
211981836,15,14th & V St NW,31101,38.9176,-77.0321,397216.209,138859.5351
211981837,16,11th & Kenyon St NW,31102,38.929464,-77.027822,397587.6091,140176.4181
211981838,17,16th & Harvard St NW,31103,38.926088,-77.036536,396831.8853,139801.9194
211981839,18,Adams Mill & Columbia Rd NW,31104,38.922925,-77.042581,396307.5467,139451.0267
211981840,19,14th & Harvard St NW,31105,38.9268,-77.0322,397207.897,139880.816
211981841,20,Calvert & Biltmore St NW,31106,38.923203,-77.047637,395869.1268,139482.1037
211981842,21,Lamont & Mt Pleasant NW,31107,38.9319,-77.0388,396635.8432,140447.1824
211981843,22,4th & M St SW,31108,38.8767,-77.0178,398455.4549,134318.9706
211981844,23,15th & P St NW,31201,38.90985,-77.034438,397013.1273,137999.2948
211981845,24,14th & R St NW,31202,38.912939,-77.032085,397217.328,138342.1249
211981846,25,14th & Rhode Island Ave NW,31203,38.9086,-77.0323,397198.511,137860.4668
211981847,28,Georgia & New Hampshire Ave NW,31400,38.936043,-77.024649,397862.9308,140906.6651
211981848,29,14th St & Spring Rd NW,31401,38.9375,-77.0328,397156.297,141068.6272
211981849,30,John McCormack Dr & Michigan Ave NE,31502,38.9346,-76.9955,400390.1581,140746.2006
211981850,31,5th & K St NW,31600,38.90304,-77.019027,398349.5948,137242.9379
211981851,32,19th & East Capitol St SE,31601,38.8896,-76.9769,402004.0754,135751.0727
211981852,33,Park Rd & Holmead Pl NW,31602,38.9308,-77.0315,397268.7481,140324.8292
211981853,34,Good Hope & Naylor Rd SE,31700,38.860227,-76.966572,402901.2906,132490.7262
211981854,35,Connecticut Ave & Newark St NW / Cleveland Park,31305,38.934267,-77.057979,394973.0937,140710.8214
211981855,36,Randle Circle & Minnesota Ave SE,31702,38.878,-76.9607,403410.0851,134463.8639
211981856,37,Minnesota Ave Metro/DOES,31703,38.897063,-76.947446,404558.9245,136580.5833
211981857,38,Nannie Helen Burroughs & Minnesota Ave NE,31704,38.901385,-76.941877,405041.7154,137060.6526
211981858,39,Anacostia Metro,31801,38.862669,-76.994637,400465.4508,132761.2885
211981859,40,Good Hope Rd & MLK Ave SE,31802,38.867373,-76.988039,401038.0179,133283.5213
211981860,41,19th & E Street NW,31206,38.8952,-77.0436,396217.7132,136373.3665
211981861,42,4th & W St NE,31500,38.919077,-77.000648,399943.805,139023.0053
